{"elements":[{"faces":{"down":{"texture":"#propagule","uv":[6,3,8,5]},"up":{"rotation":180,"texture":"#propagule","uv":[8,3,10,5]}},"from":[7,13.61104,10.07193],"rotation":{"angle":22.5,"axis":"x","origin":[8,16,8]},"to":[9,13.61104,12.07193]},{"faces":{"down":{"rotation":90,"texture":"#propagule","uv":[6,3,8,5]},"up":{"rotation":90,"texture":"#propagule","uv":[8,3,10,5]}},"from":[10.07193,13.61104,7],"rotation":{"angle":-22.5,"axis":"z","origin":[8,16,8]},"to":[12.07193,13.61104,9]},{"faces":{"down":{"rotation":180,"texture":"#propagule","uv":[6,3,8,5]},"up":{"texture":"#propagule","uv":[8,3,10,5]}},"from":[7,13.61104,3.92807],"rotation":{"angle":-22.5,"axis":"x","origin":[8,16,8]},"to":[9,13.61104,5.92807]},{"faces":{"down":{"rotation":270,"texture":"#propagule","uv":[6,3,8,5]},"up":{"rotation":270,"texture":"#propagule","uv":[8,3,10,5]}},"from":[3.92807,13.61104,7],"rotation":{"angle":22.5,"axis":"z","origin":[8,16,8]},"to":[5.92807,13.61104,9]},{"faces":{"down":{"texture":"#propagule","uv":[0,3,2,5]},"east":{"texture":"#propagule","uv":[0,2,2,3]},"north":{"texture":"#propagule","uv":[0,2,2,3]},"south":{"texture":"#propagule","uv":[0,2,2,3]},"up":{"texture":"#propagule","uv":[0,0,2,2]},"west":{"texture":"#propagule","uv":[0,2,2,3]}},"from":[7,13,7],"to":[9,14,9]},{"faces":{"north":{"texture":"#propagule","uv":[0,0,2,2]},"south":{"texture":"#propagule","uv":[0,0,2,2]}},"from":[7,14,8],"rotation":{"angle":-45,"axis":"y","origin":[8,16,8]},"to":[9,16,8]},{"faces":{"north":{"texture":"#propagule","uv":[0,0,2,2]},"south":{"texture":"#propagule","uv":[0,0,2,2]}},"from":[7,14,8],"rotation":{"angle":45,"axis":"y","origin":[8,16,8]},"to":[9,16,8]}],"textures":{"particle":"block/mangrove_propagule_hanging","propagule":"block/mangrove_propagule_hanging"}}