{"ambientocclusion":false,"elements":[{"faces":{"north":{"cullface":"north","texture":"#line","tintindex":0,"uv":[16,0,0,16]},"south":{"texture":"#line","tintindex":0,"uv":[0,0,16,16]}},"from":[0,0,0.1],"shade":false,"to":[16,16,0.1]},{"faces":{"north":{"cullface":"north","texture":"#overlay","uv":[16,0,0,16]},"south":{"texture":"#overlay","uv":[0,0,16,16]}},"from":[0,0,0.1],"shade":false,"to":[16,16,0.1]}],"textures":{"line":"block/redstone_dust_line0","overlay":"block/redstone_dust_overlay","particle":"block/redstone_dust_dot"}}