{"ambientocclusion":false,"elements":[{"faces":{"up":{"cullface":"up","texture":"#top","uv":[0,0,16,2]}},"from":[0,3,0],"to":[16,16,2]},{"faces":{"up":{"cullface":"up","texture":"#top","uv":[0,14,16,16]}},"from":[0,3,14],"to":[16,16,16]},{"faces":{"up":{"cullface":"up","texture":"#top","uv":[0,0,2,16]}},"from":[0,3,0],"to":[2,16,16]},{"faces":{"up":{"cullface":"up","texture":"#top","uv":[14,0,16,16]}},"from":[14,3,0],"to":[16,16,16]},{"faces":{"down":{"cullface":"down","texture":"#bottom","uv":[0,12,2,16]},"east":{"texture":"#side","uv":[12,13,16,16]},"south":{"texture":"#side","uv":[0,13,2,16]},"west":{"cullface":"west","texture":"#side","uv":[0,13,4,16]}},"from":[0,0,0],"to":[2,3,4]},{"faces":{"down":{"cullface":"down","texture":"#bottom","uv":[0,0,2,4]},"east":{"texture":"#side","uv":[0,13,4,16]},"north":{"texture":"#side","uv":[14,13,16,16]},"west":{"cullface":"west","texture":"#side","uv":[12,13,16,16]}},"from":[0,0,12],"to":[2,3,16]},{"faces":{"down":{"cullface":"down","texture":"#bottom","uv":[0,0,4,2]},"east":{"texture":"#side","uv":[0,13,2,16]},"north":{"texture":"#side","uv":[12,13,16,16]},"south":{"cullface":"south","texture":"#side","uv":[0,13,4,16]}},"from":[0,0,14],"to":[4,3,16]},{"faces":{"down":{"cullface":"down","texture":"#bottom","uv":[12,0,16,2]},"north":{"texture":"#side","uv":[0,13,4,16]},"south":{"cullface":"south","texture":"#side","uv":[12,13,16,16]},"west":{"texture":"#side","uv":[14,13,16,16]}},"from":[12,0,14],"to":[16,3,16]},{"faces":{"down":{"cullface":"down","texture":"#bottom","uv":[14,0,16,4]},"east":{"cullface":"east","texture":"#side","uv":[0,13,4,16]},"north":{"texture":"#side","uv":[0,13,2,16]},"west":{"texture":"#side","uv":[12,13,16,16]}},"from":[14,0,12],"to":[16,3,16]},{"faces":{"down":{"cullface":"down","texture":"#bottom","uv":[14,12,16,16]},"east":{"cullface":"east","texture":"#side","uv":[12,13,16,16]},"south":{"texture":"#side","uv":[14,13,16,16]},"west":{"texture":"#side","uv":[0,13,4,16]}},"from":[14,0,0],"to":[16,3,4]},{"faces":{"down":{"cullface":"down","texture":"#bottom","uv":[12,14,16,16]},"north":{"cullface":"north","texture":"#side","uv":[0,13,4,16]},"south":{"texture":"#side","uv":[12,13,16,16]},"west":{"texture":"#side","uv":[0,13,2,16]}},"from":[12,0,0],"to":[16,3,2]},{"faces":{"down":{"cullface":"down","texture":"#bottom","uv":[0,14,4,16]},"east":{"texture":"#side","uv":[14,13,16,16]},"north":{"cullface":"north","texture":"#side","uv":[12,13,16,16]},"south":{"texture":"#side","uv":[0,13,4,16]}},"from":[0,0,0],"to":[4,3,2]},{"faces":{"east":{"texture":"#side","uv":[14,12,2,0]},"north":{"texture":"#side","uv":[14,12,2,0]},"south":{"texture":"#side","uv":[14,12,2,0]},"up":{"texture":"#inside","uv":[15,15,0,0]},"west":{"texture":"#side","uv":[14,12,2,0]}},"from":[14,16,14],"to":[2,4,2]},{"faces":{"down":{"texture":"#inside","uv":[0,0,16,16]},"east":{"cullface":"east","texture":"#side","uv":[0,0,16,13]},"north":{"cullface":"north","texture":"#side","uv":[0,0,16,13]},"south":{"cullface":"south","texture":"#side","uv":[0,0,16,13]},"west":{"cullface":"west","texture":"#side","uv":[0,0,16,13]}},"from":[0,3,0],"to":[16,16,16]},{"faces":{"down":{"texture":"#content","tintindex":0,"uv":[2,14,14,2]},"up":{"texture":"#content","tintindex":0,"uv":[2,2,14,14]}},"from":[2,9,2],"to":[14,9,14]}],"textures":{"bottom":"minecraft:block/cauldron_bottom","inside":"minecraft:block/cauldron_inner","particle":"minecraft:block/cauldron_side","side":"minecraft:block/cauldron_side","top":"minecraft:block/cauldron_top"}}