{"ambientocclusion":false,"textures":{"top":"block/cauldron_top","bottom":"block/cauldron_bottom","particle":"block/cauldron_side","side":"block/cauldron_side","inside":"block/cauldron_inner"},"elements":[{"from":[0,3,0],"to":[2,16,16],"faces":{"north":{"uv":[14,0,16,13],"texture":"#side","cullface":"north"},"east":{"uv":[0,0,16,13],"texture":"#side","cullface":"up"},"south":{"uv":[0,0,2,13],"texture":"#side","cullface":"south"},"west":{"uv":[0,0,16,13],"texture":"#side","cullface":"west"},"up":{"uv":[0,0,2,16],"texture":"#top","cullface":"up"},"down":{"uv":[0,0,2,16],"texture":"#inside"}}},{"from":[2,3,2],"to":[14,4,14],"faces":{"up":{"uv":[2,2,14,14],"texture":"#inside","cullface":"up"},"down":{"uv":[2,2,14,14],"texture":"#inside"}}},{"from":[14,3,0],"to":[16,16,16],"faces":{"north":{"uv":[0,0,2,13],"texture":"#side","cullface":"north"},"east":{"uv":[0,0,16,13],"texture":"#side","cullface":"east"},"south":{"uv":[14,0,16,13],"texture":"#side","cullface":"south"},"west":{"uv":[0,0,16,13],"texture":"#side","cullface":"up"},"up":{"uv":[14,0,16,16],"texture":"#top","cullface":"up"},"down":{"uv":[14,0,16,16],"texture":"#inside"}}},{"from":[2,3,0],"to":[14,16,2],"faces":{"north":{"uv":[2,0,14,13],"texture":"#side","cullface":"north"},"south":{"uv":[2,0,14,13],"texture":"#side","cullface":"up"},"up":{"uv":[2,0,14,2],"texture":"#top","cullface":"up"},"down":{"uv":[2,14,14,16],"texture":"#inside"}}},{"from":[2,3,14],"to":[14,16,16],"faces":{"north":{"uv":[2,0,14,13],"texture":"#side","cullface":"up"},"south":{"uv":[2,0,14,13],"texture":"#side","cullface":"south"},"up":{"uv":[2,14,14,16],"texture":"#top","cullface":"up"},"down":{"uv":[2,0,14,2],"texture":"#inside"}}},{"from":[0,0,0],"to":[4,3,2],"faces":{"north":{"uv":[12,13,16,16],"texture":"#side","cullface":"north"},"east":{"uv":[14,13,16,16],"texture":"#side"},"south":{"uv":[0,13,4,16],"texture":"#side"},"west":{"uv":[0,13,2,16],"texture":"#side","cullface":"west"},"down":{"uv":[0,14,4,16],"texture":"#bottom","cullface":"down"}}},{"from":[0,0,2],"to":[2,3,4],"faces":{"east":{"uv":[12,13,14,16],"texture":"#side"},"south":{"uv":[0,13,2,16],"texture":"#side"},"west":{"uv":[2,13,4,16],"texture":"#side","cullface":"west"},"down":{"uv":[0,12,2,14],"texture":"#bottom","cullface":"down"}}},{"from":[12,0,0],"to":[16,3,2],"faces":{"north":{"uv":[0,13,4,16],"texture":"#side","cullface":"north"},"east":{"uv":[14,13,16,16],"texture":"#side","cullface":"east"},"south":{"uv":[12,13,16,16],"texture":"#side"},"west":{"uv":[0,13,2,16],"texture":"#side"},"down":{"uv":[12,14,16,16],"texture":"#bottom","cullface":"down"}}},{"from":[14,0,2],"to":[16,3,4],"faces":{"east":{"uv":[12,13,14,16],"texture":"#side","cullface":"east"},"south":{"uv":[14,13,16,16],"texture":"#side"},"west":{"uv":[2,13,4,16],"texture":"#side"},"down":{"uv":[14,12,16,14],"texture":"#bottom","cullface":"down"}}},{"from":[0,0,14],"to":[4,3,16],"faces":{"north":{"uv":[12,13,16,16],"texture":"#side"},"east":{"uv":[0,13,2,16],"texture":"#side"},"south":{"uv":[0,13,4,16],"texture":"#side","cullface":"south"},"west":{"uv":[14,13,16,16],"texture":"#side","cullface":"west"},"down":{"uv":[0,0,4,2],"texture":"#bottom","cullface":"down"}}},{"from":[0,0,12],"to":[2,3,14],"faces":{"north":{"uv":[14,13,16,16],"texture":"#side"},"east":{"uv":[2,13,4,16],"texture":"#side"},"west":{"uv":[12,13,14,16],"texture":"#side","cullface":"west"},"down":{"uv":[0,2,2,4],"texture":"#bottom","cullface":"down"}}},{"from":[12,0,14],"to":[16,3,16],"faces":{"north":{"uv":[0,13,4,16],"texture":"#side"},"east":{"uv":[0,13,2,16],"texture":"#side","cullface":"east"},"south":{"uv":[12,13,16,16],"texture":"#side","cullface":"south"},"west":{"uv":[14,13,16,16],"texture":"#side"},"down":{"uv":[12,0,16,2],"texture":"#bottom","cullface":"down"}}},{"from":[14,0,12],"to":[16,3,14],"faces":{"north":{"uv":[0,13,2,16],"texture":"#side"},"east":{"uv":[2,13,4,16],"texture":"#side","cullface":"east"},"west":{"uv":[12,13,14,16],"texture":"#side"},"down":{"uv":[14,2,16,4],"texture":"#bottom","cullface":"down"}}}]}