{"ambientocclusion":false,"textures":{"slab":"block/smooth_stone","particle":"block/comparator_on","top":"block/comparator_on","unlit":"block/redstone_torch_off","lit":"block/redstone_torch"},"elements":[{"from":[0,0,0],"to":[16,2,16],"faces":{"north":{"uv":[0,14,16,16],"texture":"#slab","cullface":"north"},"east":{"uv":[0,14,16,16],"texture":"#slab","cullface":"east"},"south":{"uv":[0,14,16,16],"texture":"#slab","cullface":"south"},"west":{"uv":[0,14,16,16],"texture":"#slab","cullface":"west"},"up":{"uv":[0,0,16,16],"texture":"#top"},"down":{"uv":[0,0,16,16],"texture":"#slab","cullface":"down"}}},{"from":[4,7,11],"to":[6,7,13],"faces":{"up":{"uv":[7,6,9,8],"texture":"#lit"}}},{"from":[4,2,10],"to":[6,8,14],"faces":{"east":{"uv":[6,5,10,11],"texture":"#lit"},"west":{"uv":[6,5,10,11],"texture":"#lit"}}},{"from":[3,2,11],"to":[7,8,13],"faces":{"north":{"uv":[6,5,10,11],"texture":"#lit"},"south":{"uv":[6,5,10,11],"texture":"#lit"}}},{"from":[10,7,11],"to":[12,7,13],"faces":{"up":{"uv":[7,6,9,8],"texture":"#lit"}}},{"from":[10,2,10],"to":[12,8,14],"faces":{"east":{"uv":[6,5,10,11],"texture":"#lit"},"west":{"uv":[6,5,10,11],"texture":"#lit"}}},{"from":[9,2,11],"to":[13,8,13],"faces":{"north":{"uv":[6,5,10,11],"texture":"#lit"},"south":{"uv":[6,5,10,11],"texture":"#lit"}}},{"from":[7,2,2],"to":[9,4,4],"faces":{"north":{"uv":[7,6,9,8],"texture":"#unlit"},"east":{"uv":[7,6,9,8],"texture":"#unlit"},"south":{"uv":[7,6,9,8],"texture":"#unlit"},"west":{"uv":[7,6,9,8],"texture":"#unlit"},"up":{"uv":[7,6,9,8],"texture":"#unlit"}}}]}