{"ambientocclusion":false,"textures":{"stage_2":"block/pitcher_crop_bottom_stage_2","particle":"block/pitcher_crop_top","pitcher_top":"block/pitcher_crop_top","pitcher_side":"block/pitcher_crop_side","pitcher_bottom":"block/pitcher_crop_bottom"},"elements":[{"from":[0,5,8],"to":[16,21,8],"shade":false,"rotation":{"angle":45,"axis":"y","origin":[8,6,8]},"faces":{"north":{"uv":[0,0,16,16],"texture":"#stage_2"},"south":{"uv":[0,0,16,16],"texture":"#stage_2"}}},{"from":[8,5,0],"to":[8,21,16],"shade":false,"rotation":{"angle":45,"axis":"y","origin":[8,6,8]},"faces":{"east":{"uv":[0,0,16,16],"texture":"#stage_2"},"west":{"uv":[0,0,16,16],"texture":"#stage_2"}}},{"from":[3,-1,3],"to":[13,5,13],"faces":{"north":{"uv":[3,10,13,16],"texture":"#pitcher_side"},"east":{"uv":[3,10,13,16],"texture":"#pitcher_side"},"south":{"uv":[3,10,13,16],"texture":"#pitcher_side"},"west":{"uv":[3,10,13,16],"texture":"#pitcher_side"},"up":{"uv":[3,3,13,13],"texture":"#pitcher_top"},"down":{"uv":[3,3,13,13],"texture":"#pitcher_bottom","cullface":"down"}}}]}