{"ambientocclusion":false,"textures":{"slab":"block/smooth_stone","particle":"block/repeater_on","top":"block/repeater_on","lit":"block/redstone_torch","lock":"block/bedrock"},"elements":[{"from":[0,0,0],"to":[16,2,16],"faces":{"north":{"uv":[0,14,16,16],"texture":"#slab","cullface":"north"},"east":{"uv":[0,14,16,16],"texture":"#slab","cullface":"east"},"south":{"uv":[0,14,16,16],"texture":"#slab","cullface":"south"},"west":{"uv":[0,14,16,16],"texture":"#slab","cullface":"west"},"up":{"uv":[0,0,16,16],"texture":"#top"},"down":{"uv":[0,0,16,16],"texture":"#slab","cullface":"down"}}},{"from":[2,2,8],"to":[14,4,10],"faces":{"north":{"uv":[2,7,14,9],"texture":"#lock"},"east":{"uv":[6,7,8,9],"texture":"#lock"},"south":{"uv":[2,7,14,9],"texture":"#lock"},"west":{"uv":[6,7,8,9],"texture":"#lock"},"up":{"uv":[7,2,9,14],"rotation":90,"texture":"#lock"}}},{"from":[7,7,2],"to":[9,7,4],"faces":{"up":{"uv":[7,6,9,8],"texture":"#lit"}}},{"from":[7,2,1],"to":[9,8,5],"faces":{"east":{"uv":[6,5,10,11],"texture":"#lit"},"west":{"uv":[6,5,10,11],"texture":"#lit"}}},{"from":[6,2,2],"to":[10,8,4],"faces":{"north":{"uv":[6,5,10,11],"texture":"#lit"},"south":{"uv":[6,5,10,11],"texture":"#lit"}}}]}