{"display":{"firstperson_righthand":{"rotation":[0,315,0],"scale":[0.75,0.75,0.75],"translation":[0,3.5,0]},"fixed":{"rotation":[0,180,0],"scale":[1,1,1],"translation":[0,0,0]},"ground":{"rotation":[0,0,0],"scale":[0.5,0.5,0.5],"translation":[0,2,0]},"gui":{"rotation":[30,45,0],"scale":[1.0,1.0,1.0],"translation":[0,2,0]},"head":{"rotation":[0,0,0],"scale":[1,1,1],"translation":[0,14.5,0]},"thirdperson_righthand":{"rotation":[75,315,0],"scale":[0.5,0.5,0.5],"translation":[0,2.5,0]}},"parent":"block/flower_pot"}