{
  "display": {
    "firstperson_lefthand": {
      "rotation": [74.25, 0, 0],
      "scale": [0.4, 0.4, 0.4]
    },
    "firstperson_righthand": {
      "rotation": [74.25, 0, 0],
      "scale": [0.4, 0.4, 0.4]
    },
    "gui": {
      "rotation": [30, 45, 0],
      "scale": [0.8, 0.8, 0.8],
      "translation": [0, 0, 0]
    },
    "fixed": {
      "rotation": [-90, 0, 0],
      "scale": [0.75, 0.75, 0.75],
      "translation": [0, 0, -5.25]
    },
    "ground": {
      "scale": [0.5, 0.5, 0.5]
    },
    "head": {
      "translation": [0, 14.5, 0]
    },
    "thirdperson_righthand": {
      "rotation": [75, 0, 0],
      "scale": [0.375, 0.375, 0.375],
      "translation": [0, 1.75, 2.25]
    }
  },
  "parent": "block/lever"
}
