{
  "display": {
    "firstperson_lefthand": {
      "rotation": [0, 225, 0],
      "scale": [0.4, 0.4, 0.4],
      "translation": [0, 0.5, 0]
    },
    "firstperson_righthand": {
      "rotation": [0, 45, 0],
      "scale": [0.4, 0.4, 0.4],
      "translation": [0, 0.5, 0]
    },
    "fixed": {
      "rotation": [0, 0, 0],
      "scale": [0.75, 0.75, 0.75],
      "translation": [0, 0, 0]
    },
    "ground": {
      "rotation": [0, 0, 0],
      "scale": [0.25, 0.25, 0.25],
      "translation": [0, 3, 0]
    },
    "gui": {
      "rotation": [30, 225, 0],
      "scale": [0.625, 0.625, 0.625],
      "translation": [0, 0, 0]
    },
    "thirdperson_righthand": {
      "rotation": [75, 45, 0],
      "scale": [0.4, 0.4, 0.4],
      "translation": [0, 2.5, 0]
    },
    "head": {
      "translation": [0, 14.5, 0]
    }
  },
  "gui_light": "side",
  "parent": "minecraft:block/sniffer_egg_not_cracked"
}
