{
	"credit": "Made with Blockbench",
	"ambientocclusion": false,
	"parent": "block/block",
	"textures": {
		"side": "block/big_dripleaf_side",
		"stem": "block/big_dripleaf_stem",
		"tip": "block/big_dripleaf_tip",
		"particle": "block/big_dripleaf_top",
		"top": "block/big_dripleaf_top"
	},
	"elements": [
		{
			"from": [0, 11, 0],
			"to": [16, 15, 16],
			"shade": false,
			"faces": {
				"north": {"uv": [0, 0, 16, 4], "texture": "#tip", "cullface": "north"},
				"east": {"uv": [16, 0, 0, 4], "texture": "#side", "cullface": "east"},
				"west": {"uv": [0, 0, 16, 4], "texture": "#side", "cullface": "west"},
				"up": {"uv": [0, 0, 16, 16], "texture": "#top", "cullface": "up"}
			}
		},
		{
			"from": [15.992, 15, 15.992],
			"to": [0.008, 11, 0.008],
			"shade": false,
			"faces": {
				"east": {"uv": [0, 4, 16, 0], "texture": "#side"},
				"south": {"uv": [16, 4, 0, 0], "texture": "#tip"},
				"west": {"uv": [16, 4, 0, 0], "texture": "#side"},
				"down": {"uv": [0, 0, 16, 16], "texture": "#top"}
			}
		},
		{
			"from": [5, 0, 12],
			"to": [11, 15, 12],
			"shade": false,
			"rotation": {"angle": 45, "axis": "y", "origin": [8, 8, 12], "rescale": true},
			"faces": {
				"north": {"uv": [3, 0, 14, 16], "texture": "#stem"},
				"south": {"uv": [14, 0, 3, 16], "texture": "#stem"}
			}
		},
		{
			"from": [5, 0, 12],
			"to": [11, 15, 12],
			"shade": false,
			"rotation": {"angle": -45, "axis": "y", "origin": [8, 8, 12], "rescale": true},
			"faces": {
				"north": {"uv": [3, 0, 14, 16], "texture": "#stem"},
				"south": {"uv": [14, 0, 3, 16], "texture": "#stem"}
			}
		}
	]
}