{"elements":[{"faces":{"down":{"texture":"#texture","uv":[7,10,9,16]},"east":{"texture":"#texture","uv":[10,1,16,4]},"north":{"cullface":"north","texture":"#texture","uv":[7,1,9,4]},"up":{"texture":"#texture","uv":[7,0,9,6]},"west":{"texture":"#texture","uv":[0,1,6,4]}},"from":[7,12,0],"to":[9,15,6]},{"faces":{"down":{"texture":"#texture","uv":[7,10,9,16]},"east":{"texture":"#texture","uv":[10,7,16,10]},"north":{"cullface":"north","texture":"#texture","uv":[7,7,9,10]},"up":{"texture":"#texture","uv":[7,0,9,6]},"west":{"texture":"#texture","uv":[0,7,6,10]}},"from":[7,6,0],"to":[9,9,6]}],"textures":{"particle":"#texture"}}