{"elements":[{"faces":{"down":{"texture":"#top","uv":[0,16,16,0]},"up":{"cullface":"up","texture":"#top"}},"from":[0,15.99,0],"to":[16,16,16]},{"faces":{"down":{"cullface":"down","texture":"#bottom"},"east":{"texture":"#side"},"north":{"cullface":"north","texture":"#side"},"south":{"texture":"#side"},"west":{"cullface":"west","texture":"#side"}},"from":[0,0,0],"to":[2,16,2]},{"faces":{"down":{"cullface":"down","texture":"#bottom"},"east":{"texture":"#side"},"north":{"texture":"#side"},"south":{"cullface":"south","texture":"#side"},"west":{"cullface":"west","texture":"#side"}},"from":[0,0,14],"to":[2,16,16]},{"faces":{"down":{"cullface":"down","texture":"#bottom"},"east":{"cullface":"east","texture":"#side"},"north":{"texture":"#side"},"south":{"cullface":"south","texture":"#side"},"west":{"texture":"#side"}},"from":[14,0,14],"to":[16,16,16]},{"faces":{"down":{"cullface":"down","texture":"#bottom"},"east":{"cullface":"east","texture":"#side"},"north":{"cullface":"north","texture":"#side"},"south":{"texture":"#side"},"west":{"texture":"#side"}},"from":[14,0,0],"to":[16,16,2]},{"faces":{"down":{"texture":"#bottom"},"north":{"cullface":"north","texture":"#side"},"south":{"texture":"#side","uv":[2,2,14,4]}},"from":[2,14,0],"to":[14,16,2]},{"faces":{"down":{"texture":"#bottom"},"north":{"texture":"#side","uv":[14,0,2,2]},"south":{"cullface":"south","texture":"#side"}},"from":[2,14,14],"to":[14,16,16]},{"faces":{"down":{"texture":"#bottom"},"east":{"cullface":"east","texture":"#side","uv":[14,0,2,2]},"west":{"texture":"#side","uv":[14,2,2,4]}},"from":[14,14,2],"to":[16,16,14]},{"faces":{"down":{"texture":"#bottom"},"east":{"texture":"#side"},"west":{"cullface":"west","texture":"#side","uv":[14,0,2,2]}},"from":[0,14,2],"to":[2,16,14]},{"faces":{"down":{"texture":"#top","uv":[0,16,16,0]},"up":{"texture":"#top"}},"from":[0,1.99,0],"to":[16,2,16]},{"faces":{"down":{"cullface":"down","texture":"#bottom"},"north":{"cullface":"north","texture":"#side","uv":[2,0,14,2]},"south":{"texture":"#side","uv":[2,2,14,4]}},"from":[2,0,0],"to":[14,2,2]},{"faces":{"down":{"cullface":"down","texture":"#bottom"},"north":{"texture":"#side","uv":[14,0,2,2]},"south":{"cullface":"south","texture":"#side","uv":[2,0,14,2]}},"from":[2,0,14],"to":[14,2,16]},{"faces":{"down":{"cullface":"down","texture":"#bottom"},"east":{"cullface":"east","texture":"#side","uv":[14,0,2,2]},"west":{"texture":"#side","uv":[14,2,2,4]}},"from":[14,0,2],"to":[16,2,14]},{"faces":{"down":{"cullface":"down","texture":"#bottom"},"east":{"texture":"#side","uv":[2,0,14,2]},"west":{"cullface":"west","texture":"#side","uv":[14,0,2,2]}},"from":[0,0,2],"to":[2,2,14]}],"parent":"block/block","textures":{"bottom":"block/scaffolding_bottom","particle":"block/scaffolding_top","side":"block/scaffolding_side","top":"block/scaffolding_top"}}