{"elements":[{"faces":{"down":{"texture":"#base","uv":[1,1,15,15]},"up":{"cullface":"up","texture":"#base","uv":[1,1,15,15]}},"from":[1,15.9,1],"shade":false,"to":[15,15.9,15]},{"faces":{"down":{"rotation":270,"texture":"#flower","uv":[0,16,16,0]},"up":{"rotation":90,"texture":"#flower","uv":[0,0,16,16]}},"from":[8,15.7,0],"rotation":{"angle":-22.5,"axis":"z","origin":[8,16,0],"rescale":true},"shade":false,"to":[24,15.7,16]},{"faces":{"down":{"rotation":90,"texture":"#flower","uv":[0,16,16,0]},"up":{"rotation":270,"texture":"#flower","uv":[0,0,16,16]}},"from":[-8,15.7,0],"rotation":{"angle":22.5,"axis":"z","origin":[8,16,0],"rescale":true},"shade":false,"to":[8,15.7,16]},{"faces":{"down":{"texture":"#flower","uv":[16,0,0,16]},"up":{"texture":"#flower","uv":[16,16,0,0]}},"from":[0,15.7,8],"rotation":{"angle":22.5,"axis":"x","origin":[0,16,8],"rescale":true},"shade":false,"to":[16,15.7,24]},{"faces":{"down":{"texture":"#flower","uv":[0,16,16,0]},"up":{"texture":"#flower","uv":[0,0,16,16]}},"from":[0,15.7,-8],"rotation":{"angle":-22.5,"axis":"x","origin":[0,16,8],"rescale":true},"shade":false,"to":[16,15.7,8]}],"parent":"block/block","textures":{"base":"block/spore_blossom_base","flower":"block/spore_blossom","particle":"block/spore_blossom"}}