{"elements":[{"faces":{"down":{"texture":"#texture","uv":[0,7,2,9]},"east":{"texture":"#texture","uv":[7,0,9,11]},"north":{"texture":"#texture","uv":[14,0,16,11]},"south":{"texture":"#texture","uv":[0,0,2,11]},"up":{"texture":"#texture","uv":[0,7,2,9]},"west":{"cullface":"west","texture":"#texture","uv":[7,0,9,11]}},"from":[0,2,7],"to":[2,13,9]},{"faces":{"down":{"texture":"#texture","uv":[14,7,16,9]},"east":{"cullface":"east","texture":"#texture","uv":[7,0,9,11]},"north":{"texture":"#texture","uv":[0,0,2,11]},"south":{"texture":"#texture","uv":[14,0,16,11]},"up":{"texture":"#texture","uv":[14,7,16,9]},"west":{"texture":"#texture","uv":[7,0,9,11]}},"from":[14,2,7],"to":[16,13,9]},{"faces":{"down":{"texture":"#texture","uv":[2,7,14,9]},"north":{"texture":"#texture","uv":[2,7,14,10]},"south":{"texture":"#texture","uv":[2,7,14,10]},"up":{"texture":"#texture","uv":[2,7,14,9]}},"from":[2,3,7],"to":[14,6,9]},{"faces":{"down":{"texture":"#texture","uv":[2,7,14,9]},"north":{"texture":"#texture","uv":[2,1,14,4]},"south":{"texture":"#texture","uv":[2,1,14,4]},"up":{"texture":"#texture","uv":[2,7,14,9]}},"from":[2,9,7],"to":[14,12,9]},{"faces":{"east":{"texture":"#texture","uv":[7,4,9,7]},"north":{"texture":"#texture","uv":[6,4,10,7]},"south":{"texture":"#texture","uv":[6,4,10,7]},"west":{"texture":"#texture","uv":[7,4,9,7]}},"from":[6,6,7],"to":[10,9,9]}],"textures":{"particle":"#texture"}}