{"ambientocclusion": false,"elements":[{"faces":{"down":{"texture":"#hook","uv":[10,4,6,8]},"east":{"rotation":90,"texture":"#hook","uv":[10,4,11,8]},"north":{"texture":"#hook","uv":[10,4,6,3]},"south":{"texture":"#hook","uv":[6,8,10,9]},"up":{"texture":"#hook","uv":[6,4,10,8]},"west":{"rotation":90,"texture":"#hook","uv":[6,8,5,4]}},"from":[6,3.5,7.2],"rotation":{"angle":-45,"axis":"x","origin":[8,6,5.2]},"to":[10,4.5,11.2]},{"faces":{"east":{"rotation":90,"texture":"#hook","uv":[10,5,11,7]},"north":{"texture":"#hook","uv":[9,4,7,3]},"south":{"texture":"#hook","uv":[7,8,9,9]},"west":{"rotation":90,"texture":"#hook","uv":[6,7,5,5]}},"from":[9,4.5,10.2],"rotation":{"angle":-45,"axis":"x","origin":[8,6,5.2]},"to":[7,3.5,8.2]},{"faces":{"down":{"texture":"#hook","uv":[7,13,9,9]},"east":{"rotation":90,"texture":"#hook","uv":[9,9,7,13]},"north":{"texture":"#hook","uv":[7,14,9,16]},"south":{"texture":"#hook","uv":[7,14,9,16]},"up":{"texture":"#hook","uv":[9,9,7,13]},"west":{"rotation":90,"texture":"#hook","uv":[7,13,9,9]}},"from":[7,5,10],"rotation":{"angle":45,"axis":"x","origin":[8,6,14]},"to":[9,7,14]},{"faces":{"down":{"texture":"#wood","uv":[6,0,10,2]},"east":{"texture":"#wood","uv":[0,7,2,15]},"north":{"texture":"#wood","uv":[6,7,10,15]},"south":{"cullface":"south","texture":"#wood","uv":[6,7,10,15]},"up":{"texture":"#wood","uv":[6,14,10,16]},"west":{"texture":"#wood","uv":[14,7,16,15]}},"from":[6,1,14],"to":[10,9,16]}],"textures":{"hook":"minecraft:block/tripwire_hook","particle":"minecraft:block/oak_planks","wood":"minecraft:block/oak_planks"}}